BMI,SBP,x2,XY,Yhat,Residual
20.8,110,432.64,2288,111.848,-1.848
21.55,130,464.4025,2801.5,116.9555,13.0445
22.45,105,504.0025,2357.25,123.0845,-18.0845
23,124,529,2852,126.83,-2.83
23.6,136,556.96,3209.6,130.916,5.084
25.4,145,645.16,3683,143.174,1.82600000000002
25.4,157,645.16,3987.8,143.174,13.826
26.7,138,712.89,3684.6,152.027,-14.027
27.25,158,742.5625,4305.5,155.7725,2.22750000000002
28.7,167,823.69,4792.9,165.647,1.35300000000004
